Title	Description	Link
氷の抱擁 フロスト・クイーン | Folklore FC (フォークロアFC)	【新作】氷の抱擁 フロスト・クイーンが登場！ Folklore FCから限定リリースの最新アイテム。ピッチを凍りつかせる美しさ。雪女伝説にインスパイアされた、圧倒的にクールなサッカーストリートウェア。洗練された冬のスタイルを手に入れよう。今すぐ購入！... 毎日のコーディネート（コーデ）に欠かせない、究極のストリートファッション・アイテムです。オーバーサイズでの着こなしや、カジュアルなサッカーシャツコーデに最適。今すぐチェックして、あなたのスタイルをアップグレードしよう！ #ストリートファッション #コーデ #オーバーサイズ #Tシャツ #ブロークコア #レディースファッション #海外ファッション #サッカー #ファッション	https://folklorefc.com/ja/blog/frost-queen-snow
深海の宝 オーシャン・ガーディアン | Folklore FC (フォークロアFC)	【新作】深海の宝 オーシャン・ガーディアンが登場！ Folklore FCから限定リリースの最新アイテム。海洋の力とサッカースピリットの融合。雄大な龍神が描かれた深海のサッカーストリートウェア。神秘的でエレガントなプレースタイルを表現。注文はこちら！... 毎日のコーディネート（コーデ）に欠かせない、究極のストリートファッション・アイテムです。オーバーサイズでの着こなしや、カジュアルなサッカーシャツコーデに最適。今すぐチェックして、あなたのスタイルをアップグレードしよう！ #ストリートファッション #コーデ #オーバーサイズ #Tシャツ #ブロークコア #レディースファッション #海外ファッション #サッカー #ファッション	https://folklorefc.com/ja/blog/ocean-guardian-dragon
霊的支配 キツネ・スピリット | Folklore FC (フォークロアFC)	【新作】霊的支配 キツネ・スピリットが登場！ Folklore FCから限定リリースの最新アイテム。ピッチを妖艶に支配せよ。九尾の狐の霊的な力を表現した、魅惑的なサッカーストリートウェア。相手を翻弄するプレースタイルに最適。今すぐ購入！... 毎日のコーディネート（コーデ）に欠かせない、究極のストリートファッション・アイテムです。オーバーサイズでの着こなしや、カジュアルなサッカーシャツコーデに最適。今すぐチェックして、あなたのスタイルをアップグレードしよう！ #ストリートファッション #コーデ #オーバーサイズ #Tシャツ #ブロークコア #レディースファッション #海外ファッション #サッカー #ファッション	https://folklorefc.com/ja/blog/kitsune-spirit-control
ネオンストライカー サイバーピッチ | Folklore FC (フォークロアFC)	【新作】ネオンストライカー サイバーピッチが登場！ Folklore FCから限定リリースの最新アイテム。ネオ東京の夜を駆け抜ける。サイバーパンクな都市風景と強烈なスポーツエネルギーが融合した、未来派サッカーストリートウェア。購入はこちら！... 毎日のコーディネート（コーデ）に欠かせない、究極のストリートファッション・アイテムです。オーバーサイズでの着こなしや、カジュアルなサッカーシャツコーデに最適。今すぐチェックして、あなたのスタイルをアップグレードしよう！ #ストリートファッション #コーデ #オーバーサイズ #Tシャツ #ブロークコア #レディースファッション #海外ファッション #サッカー #ファッション	https://folklorefc.com/ja/blog/neon-striker-cyber
紙の奇跡 オリガミ・グレイス | Folklore FC (フォークロアFC)	【新作】紙の奇跡 オリガミ・グレイスが登場！ Folklore FCから限定リリースの最新アイテム。伝統工芸と女子サッカーの美しい共鳴。繊細な折り紙のアートワークが施された、エレガントなストリートウェア。勝利への願いをフィールドへ。今すぐ注文！... 毎日のコーディネート（コーデ）に欠かせない、究極のストリートファッション・アイテムです。オーバーサイズでの着こなしや、カジュアルなサッカーシャツコーデに最適。今すぐチェックして、あなたのスタイルをアップグレードしよう！ #ストリートファッション #コーデ #オーバーサイズ #Tシャツ #ブロークコア #レディースファッション #海外ファッション #サッカー #ファッション	https://folklorefc.com/ja/blog/origami-grace-miracle
炎の舞 フェスティバル・フレア | Folklore FC (フォークロアFC)	【新作】炎の舞 フェスティバル・フレアが登場！ Folklore FCから限定リリースの最新アイテム。スタジアムに祝祭の火を灯せ！日本の夏祭りの熱気と炎をデザインした、情熱的でダイナミックなサッカーストリートウェア。今すぐ購入して応援を盛り上げよう！... 毎日のコーディネート（コーデ）に欠かせない、究極のストリートファッション・アイテムです。オーバーサイズでの着こなしや、カジュアルなサッカーシャツコーデに最適。今すぐチェックして、あなたのスタイルをアップグレードしよう！ #ストリートファッション #コーデ #オーバーサイズ #Tシャツ #ブロークコア #レディースファッション #海外ファッション #サッカー #ファッション	https://folklorefc.com/ja/blog/festival-flare-dance
雷神の一撃 ストーム・ゴッデス | Folklore FC (フォークロアFC)	【新作】雷神の一撃 ストーム・ゴッデスが登場！ Folklore FCから限定リリースの最新アイテム。フィールドに轟く雷鳴。雷神の怒りと電光石火のスピードを表現した、パワフルなサッカーストリートウェア。爆発的なエネルギーを持つプレイヤーへ。注文はこちら！... 毎日のコーディネート（コーデ）に欠かせない、究極のストリートファッション・アイテムです。オーバーサイズでの着こなしや、カジュアルなサッカーシャツコーデに最適。今すぐチェックして、あなたのスタイルをアップグレードしよう！ #ストリートファッション #コーデ #オーバーサイズ #Tシャツ #ブロークコア #レディースファッション #海外ファッション #サッカー #ファッション	https://folklorefc.com/ja/blog/storm-goddess-raijin
魂の筆 カリグラフィーストライク | Folklore FC (フォークロアFC)	【新作】魂の筆 カリグラフィーストライクが登場！ Folklore FCから限定リリースの最新アイテム。ピッチというキャンバスに魂を描く。日本独自の書道アートとスポーツが融合した、アーティスティックなストリートウェア。静寂の中の強さを表現。今すぐ購入！... 毎日のコーディネート（コーデ）に欠かせない、究極のストリートファッション・アイテムです。オーバーサイズでの着こなしや、カジュアルなサッカーシャツコーデに最適。今すぐチェックして、あなたのスタイルをアップグレードしよう！ #ストリートファッション #コーデ #オーバーサイズ #Tシャツ #ブロークコア #レディースファッション #海外ファッション #サッカー #ファッション	https://folklorefc.com/ja/blog/calligraphy-strike-soul
雅な技 キモノ・グレイス | Folklore FC (フォークロアFC)	【新作】雅な技 キモノ・グレイスが登場！ Folklore FCから限定リリースの最新アイテム。日本の伝統美が息づく最高傑作。浮世絵の優美な着物姿とサッカーの躍動感が融合したサッカーストリートウェア。ピッチ上で際立つエレガンスを。購入はこちら！... 毎日のコーディネート（コーデ）に欠かせない、究極のストリートファッション・アイテムです。オーバーサイズでの着こなしや、カジュアルなサッカーシャツコーデに最適。今すぐチェックして、あなたのスタイルをアップグレードしよう！ #ストリートファッション #コーデ #オーバーサイズ #Tシャツ #ブロークコア #レディースファッション #海外ファッション #サッカー #ファッション	https://folklorefc.com/ja/blog/kimono-grace-ukiyo-e
不良少女 アーバンレベル・スケバン | Folklore FC (フォークロアFC)	【新作】不良少女 アーバンレベル・スケバンが登場！ Folklore FCから限定リリースの最新アイテム。ストリートのルールは自分で決める！日本のスケバン文化にインスパイアされた、反抗的でエッジの効いたサッカーストリートウェア。強い意志を持つあなたへ。今すぐ注文！... 毎日のコーディネート（コーデ）に欠かせない、究極のストリートファッション・アイテムです。オーバーサイズでの着こなしや、カジュアルなサッカーシャツコーデに最適。今すぐチェックして、あなたのスタイルをアップグレードしよう！ #ストリートファッション #コーデ #オーバーサイズ #Tシャツ #ブロークコア #レディースファッション #海外ファッション #サッカー #ファッション	https://folklorefc.com/ja/blog/urban-rebel-sukeban
桜嵐 サクラ・ストーム | Folklore FC (フォークロアFC)	【新作】桜嵐 サクラ・ストームが登場！ Folklore FCから限定リリースの最新アイテム。嵐のようなスピードでピッチを舞う桜吹雪。神話的な美しさとダイナミックな動きを表現したピンクのサッカーストリートウェア。フィールドを席巻せよ！購入はこちら！... 毎日のコーディネート（コーデ）に欠かせない、究極のストリートファッション・アイテムです。オーバーサイズでの着こなしや、カジュアルなサッカーシャツコーデに最適。今すぐチェックして、あなたのスタイルをアップグレードしよう！ #ストリートファッション #コーデ #オーバーサイズ #Tシャツ #ブロークコア #レディースファッション #海外ファッション #サッカー #ファッション	https://folklorefc.com/ja/blog/kawaii-pop-harajuku
戦士の魂 サムライ・ヴァラー | Folklore FC (フォークロアFC)	【新作】戦士の魂 サムライ・ヴァラーが登場！ Folklore FCから限定リリースの最新アイテム。戦士の魂を胸に。女武芸者の鎧をモチーフにした、誇り高き精神を持つプレイヤーのためのサッカーストリートウェア。揺るぎない覚悟でピッチへ。今すぐ注文！... 毎日のコーディネート（コーデ）に欠かせない、究極のストリートファッション・アイテムです。オーバーサイズでの着こなしや、カジュアルなサッカーシャツコーデに最適。今すぐチェックして、あなたのスタイルをアップグレードしよう！ #ストリートファッション #コーデ #オーバーサイズ #Tシャツ #ブロークコア #レディースファッション #海外ファッション #サッカー #ファッション	https://folklorefc.com/ja/blog/ninja-kunoichi-shadow
なでしこジャパン キモノ・ストライカー | Folklore FC (フォークロアFC)	【新作】なでしこジャパン キモノ・ストライカーが登場！ Folklore FCから限定リリースの最新アイテム。「大和なでしこ」の強さとしなやかさを表現した神秘的なストリートウェア。月明かりの下の伝統的な和装ストライカーが、あなたの内なる強さを引き出します。購入はこちら！... 毎日のコーディネート（コーデ）に欠かせない、究極のストリートファッション・アイテムです。オーバーサイズでの着こなしや、カジュアルなサッカーシャツコーデに最適。今すぐチェックして、あなたのスタイルをアップグレードしよう！ #ストリートファッション #コーデ #オーバーサイズ #Tシャツ #ブロークコア #レディースファッション #海外ファッション #サッカー #ファッション	https://folklorefc.com/ja/blog/zen-garden-harmony
侍の栄光 ブレイド・オブ・グローリー | Folklore FC (フォークロアFC)	【新作】侍の栄光 ブレイド・オブ・グローリーが登場！ Folklore FCから限定リリースの最新アイテム。ディフェンスを切り裂く一撃。日本刀の鋭さを表現した、精密で力強いサッカーストリートウェア。切れ味鋭いプレースタイルで栄光を掴み取れ。今すぐ購入！... 毎日のコーディネート（コーデ）に欠かせない、究極のストリートファッション・アイテムです。オーバーサイズでの着こなしや、カジュアルなサッカーシャツコーデに最適。今すぐチェックして、あなたのスタイルをアップグレードしよう！ #ストリートファッション #コーデ #オーバーサイズ #Tシャツ #ブロークコア #レディースファッション #海外ファッション #サッカー #ファッション	https://folklorefc.com/ja/blog/anime-heroine-magical
